url,source_page
https://kamitani-lab.ist.i.kyoto-u.ac.jp/,https://www.i.kyoto-u.ac.jp/course/ist/
https://www.genome.ist.i.kyoto-u.ac.jp/,https://www.i.kyoto-u.ac.jp/course/ist/
http://www.cog.ist.i.kyoto-u.ac.jp/,https://www.i.kyoto-u.ac.jp/course/ist/
http://www.itn.brain.riken.jp/japanese/,https://www.i.kyoto-u.ac.jp/course/ist/
https://www.iip.ist.i.kyoto-u.ac.jp/,https://www.i.kyoto-u.ac.jp/course/ist/
https://www.ml.ist.i.kyoto-u.ac.jp/,https://www.i.kyoto-u.ac.jp/course/ist/
https://sites.google.com/view/tanichu-lab-ku/home-jp,https://www.i.kyoto-u.ac.jp/course/ist/
https://nlp.ist.i.kyoto-u.ac.jp/,https://www.i.kyoto-u.ac.jp/course/ist/
http://sap.ist.i.kyoto-u.ac.jp/,https://www.i.kyoto-u.ac.jp/course/ist/
https://vision.ist.i.kyoto-u.ac.jp/,https://www.i.kyoto-u.ac.jp/course/ist/
http://www.ccm.media.kyoto-u.ac.jp/index-j.php,https://www.i.kyoto-u.ac.jp/course/ist/
https://www.lsta.media.kyoto-u.ac.jp/,https://www.i.kyoto-u.ac.jp/course/ist/
https://www.bic.kyoto-u.ac.jp/takutsu/index_J.html,https://www.i.kyoto-u.ac.jp/course/ist/
https://hci.soc.i.kyoto-u.ac.jp/,https://www.i.kyoto-u.ac.jp/course/soc/
https://www.robot.soc.i.kyoto-u.ac.jp/,https://www.i.kyoto-u.ac.jp/course/soc/
https://www.dl.soc.i.kyoto-u.ac.jp/,https://www.i.kyoto-u.ac.jp/course/soc/
http://www.agent.soc.i.kyoto-u.ac.jp/,https://www.i.kyoto-u.ac.jp/course/soc/
https://security-kouza.github.io/,https://www.i.kyoto-u.ac.jp/course/soc/
https://bre.soc.i.kyoto-u.ac.jp/,https://www.i.kyoto-u.ac.jp/course/soc/
http://imdr.dpri.kyoto-u.ac.jp/,https://www.i.kyoto-u.ac.jp/course/soc/
http://idrs.dpri.kyoto-u.ac.jp/yamorilab/,https://www.i.kyoto-u.ac.jp/course/soc/
http://dimsis.dpri.kyoto-u.ac.jp/,https://www.i.kyoto-u.ac.jp/course/soc/
https://medinfo.kuhp.kyoto-u.ac.jp/?language=ja,https://www.i.kyoto-u.ac.jp/course/soc/
https://www.image.media.kyoto-u.ac.jp/ja/,https://www.i.kyoto-u.ac.jp/course/soc/
https://www.let.media.kyoto-u.ac.jp/,https://www.i.kyoto-u.ac.jp/course/soc/
https://www.shudo-lab.org/,https://www.i.kyoto-u.ac.jp/course/soc/
https://www-an.acs.i.kyoto-u.ac.jp/,https://www.i.kyoto-u.ac.jp/course/ams/
https://www-np.acs.i.kyoto-u.ac.jp/,https://www.i.kyoto-u.ac.jp/course/ams/
https://www-cm.acs.i.kyoto-u.ac.jp,https://www.i.kyoto-u.ac.jp/course/ams/
https://www-fm.acs.i.kyoto-u.ac.jp/,https://www.i.kyoto-u.ac.jp/course/ams/
https://www-is.amp.i.kyoto-u.ac.jp/,https://www.i.kyoto-u.ac.jp/course/amp/
https://www-or.amp.i.kyoto-u.ac.jp/,https://www.i.kyoto-u.ac.jp/course/amp/
http://www-optima.amp.i.kyoto-u.ac.jp/,https://www.i.kyoto-u.ac.jp/course/amp/
https://www.bode.amp.i.kyoto-u.ac.jp/,https://www.i.kyoto-u.ac.jp/course/amp/
https://chaos.amp.i.kyoto-u.ac.jp/,https://www.i.kyoto-u.ac.jp/course/amp/
https://yang.amp.i.kyoto-u.ac.jp/lab/jp/index.html,https://www.i.kyoto-u.ac.jp/course/amp/
https://www.bode.amp.i.kyoto-u.ac.jp/amm/,https://www.i.kyoto-u.ac.jp/course/amp/
http://www.ctrl.sys.i.kyoto-u.ac.jp/,https://www.i.kyoto-u.ac.jp/course/sys/
http://human.sys.i.kyoto-u.ac.jp/,https://www.i.kyoto-u.ac.jp/course/sys/
https://www.ids.sys.i.kyoto-u.ac.jp/,https://www.i.kyoto-u.ac.jp/course/sys/
http://www-adsys.sys.i.kyoto-u.ac.jp/,https://www.i.kyoto-u.ac.jp/course/sys/
http://stat.sys.i.kyoto-u.ac.jp/,https://www.i.kyoto-u.ac.jp/course/sys/
https://lm.sys.i.kyoto-u.ac.jp/,https://www.i.kyoto-u.ac.jp/course/sys/
https://ishiilab.jp/jp/index.html,https://www.i.kyoto-u.ac.jp/course/sys/
https://nomuralab.jp/,https://www.i.kyoto-u.ac.jp/course/sys/
https://www.sys.i.kyoto-u.ac.jp/lab/renkei_unit.html,https://www.i.kyoto-u.ac.jp/course/sys/
https://www.lab2.kuis.kyoto-u.ac.jp/,https://www.i.kyoto-u.ac.jp/course/cce/
https://www.fos.kuis.kyoto-u.ac.jp/,https://www.i.kyoto-u.ac.jp/course/cce/
https://www.dco.cce.i.kyoto-u.ac.jp/ja/,https://www.i.kyoto-u.ac.jp/course/cce/
http://icn.cce.i.kyoto-u.ac.jp/,https://www.i.kyoto-u.ac.jp/course/cce/
https://vlsi.cce.i.kyoto-u.ac.jp/,https://www.i.kyoto-u.ac.jp/course/cce/
https://www2.rish.kyoto-u.ac.jp/labs/yamamoto-lab/,https://www.i.kyoto-u.ac.jp/course/cce/
https://www.rish.kyoto-u.ac.jp/labs/hashiguchi_lab/,https://www.i.kyoto-u.ac.jp/course/cce/
https://hpc.media.kyoto-u.ac.jp/index.html,https://www.i.kyoto-u.ac.jp/course/cce/
https://www.inet.media.kyoto-u.ac.jp/ja/,https://www.i.kyoto-u.ac.jp/course/cce/
https://ds.k.kyoto-u.ac.jp/introduction/member/hara/,https://www.i.kyoto-u.ac.jp/course/ds/
https://ds.k.kyoto-u.ac.jp/introduction/member/hayashi/,https://www.i.kyoto-u.ac.jp/course/ds/
https://ds.k.kyoto-u.ac.jp/introduction/member/tamura/,https://www.i.kyoto-u.ac.jp/course/ds/
